State,Bill Number with hyperlink to legislative page/draft,Date Introduced,"Status as of August 22, 2022",Primary Sponsor,"Description*
*This is a summary of notable provisions. For detailed analysis of bills, see our report and monthly round-ups.",Explicitly Targets,Enforcement/Penalties*                                                                                                                                                                                          *Penalties do not necessarily apply to every provision of the bill.
Alabama,HB 8,1/11/2022,Died,Rep. Chris Pringle (R),"Bars public K-12 schools and public institutions of higher education from teaching, instructing, or training any student to adopt or believe certain concepts related to race or sex.","K-12, colleges",None specified
Alabama,HB 11,1/11/2022,Died,Rep. Danny Crawford (R),"Bans schools from requiring students ""to personally affirm, adopt, or adhere to"" outlined tenets allegedly associated with critical race theory, or from doing so in a course of instruction. Bans schools from ""distinguish[ing] or classify[ing] a student based on race or color."" Mandates termination of any employee who violates the provisions of the bill.","K-12, colleges",Professional discipline
Alabama,HB 9/SB 7,1/11/2022,Died,"Rep. Ed Oliver, Sen. Will Barfoot (R)","Bars ""agencies and political subdivisions of this state, including school districts and public institutions of higher education"" from ""teach[ing], instruct[ing], or train[ing] any employee, contractor, staff member, student, or any other individual group to adopt or believe divisive concepts.""","K-12, colleges, state institutions, state contractors","Forfeit of current state contract
Ineligible for future contracts"
Alabama,HB 312,2/8/2022,Died,Rep. Ed Oliver (R),"Prohibits K-12 schools and state agencies teaching, instructing, or training any students or employees to believe certain ideas related to race, sex, or religion. Public colleges may teach about these ideas, but may not endorse or compel anyone to adopt or affirm them. No instructor shall be required to share their point of view about a ""widely debated and currently controversial issues of public policy or social affairs.""","K-12, colleges, state agencies, state contractors",Professional discipline
Alabama,SB 292,3/3/2022,Died,Sen. Will Barfoot (R),"Bars public K-12 schools and other state agencies from teaching, instructing, or training any student or employee to adopt or believe certain ideas related to race, sex, or religion. These institutions, as well as public colleges, may not promote or inculcate these ideas, nor impose any penalty on students or employees for refusing to affirm them. Employee training may not include any of these ideas. Any teacher, college faculty member, or state employee who violates this bill may be disciplined or fired.","K-12, colleges, state agencies, political subdivisions, state contractors",Professional discipline
Alaska,HB 228,1/7/2022,Died,Rep. Tom McKay (R),"Bans public K-12 schools and colleges from compelling students to adopt or affirm certain ideas about race, sex, ethnicity, religion, color, or national origin. Prohibits these institutions from making any use of the 1619 Project.","K-12, colleges",Private right of action
Alaska,SB 196,2/15/2022,Died,Sen. Lora Reinbold (R),"Bans public K-12 schools from compelling students to adopt or affirm certain ideas related to ""sex, race, ethnicity, religion, color, or national origin."" They are also prohibited from contracting or otherwise engaging with any speaker who promotes these ideas without stating that the institution does not endorse these views and offering students and faculty the opportunity to opt out of the event.",K-12,None specified
Alaska,HB 330,2/16/2022,Died,Rep. Ron Gillham (R),"Prohibits public K-12 and colleges from compelling, indoctrinating, persuading, or attemting to indoctrinate or persuade a student to adopt or affirm certain ideas related to ""sex, race, ethnicity, religion, color, or national origin.""","K-12, colleges",None specified
Alaska,HB 391,2/22/2022,Died,Rep. David Eastman (R),"Bars K-12 schools from promoting or compelling students to adopt or affirm certain ideas related to race, color, sex, or national origin. A person may not be ""subjected"" as a condition of employment, certification, licensing, credentialing, or examination passage, to training, instruction, or another required activity"" that endorses or promotes those ideas. Establishes a hotline to receive reports of violations.","K-12, college, state agencies, employers",Monetary penalty/Loss of state financial support
Arizona,Amendment to SB 1532 (added in modified form to the budget bill HB 2898),2/1/2021,"SB 1532 died, but modified version passed as part of HB 2898 and signed into law by Governor Ducey 6/30/21. Note: Subsequently struck down by the Arizona Supreme Court.",Rep. Michelle Udall (R),"Bans ""instruction that presents any form of blame or judgment on the basis of race, ethnicity or sex.""",K-12,Civil suit by state AG
Arizona,HB 2906/SB 1840,6/10/2021,Signed into law by Governor Ducey 7/9/21,Sen. David Livingston (R),"Bans ""training, orientation or therapy that presents any form of blame or judgment on the basis of race, ethnicity or sex.""","state agencies, political subdivisions",None specified
Arizona,"HB 2112 Passed by House in amended version with language replacing the prohibition on ""inclusion"" of certain ideas with a prohibition on promoting or advocating for certain ideas.",1/12/2022,Died,Rep. Michelle Udall (R),"Bars K-12 schools and state agencies involved in the instruction of K-12 students from promoting certain ideas related to race, ethnicity, or sex in their curricula.","K-12, state agencies","Professional discipline
Civil suit by state AG"
Arizona,HCR 2001,1/12/2022,Died Note: This is a proposed amendment to the state constitution.,Rep. Steve Kaiser (R),"Bans K-12 schools and colleges from requiring students to adopt or affirm certain ideas related to race or ethnicity. All K-12 employees, as well as all college employees discharging duties outside of the classroom, may not promote or endorse certain ideas related to race or ethnicity. No employee of a public school or college shall be required to affirm, as a condition of employment or promotion, certain ideas about diversity, equity, and inclusion.","K-12, colleges",None specified
Arizona,HB 2291,1/18/2022,Died,Rep. John Fillmore (R),"Bars K-12 schools from including in their curricula certain ideas related to race, sex, and ethnic groups, nor to use any state money to finance instruction related to those concepts.",K-12,"Civil suit by state AG
Monetary penalty/Loss of state financial support"
Arizona,HB 2495 Passed by House in amended form that removes reference to homosexuality.,1/20/2022,"Died as EGO due to adoption of amendment, but still under consideration in legislature. This bill is not counted by PEN America as a live EGO.",Rep. Jake Hoffman (R),"Bars K-12 schools from using or referring students to any ""sexually explicit"" materials, textual or visual. ""Sexually explicit"" is defined in the bill as including any depiction of homosexuality or physical contact with a person's clothed or unclothed genitals.",K-12,None specified
Arizona,HB 2634,6/23/2022,Died,Rep. Jennifer Longdon (D),"Prohibits public K-12 schools from adopting any textbook or instructional materials that contain any matter ""reflecting adversely"" on people on the basis or race, ethnicity, sex, religion, disability, nationality, sexual orientation, or gender identity.",K-12,None specified
Arizona,SB 1412,"3/29/2022 Note: this date marks when SB 1412, which up till then had been an unrelated education bill, was substantially amended to become an Education Gag Order.",Died,"Rep. Michelle Udall (R) 
Note: Rep. Udall is the bill's House sponsor and author of the amendment that transformed it into an EGO. Its Senate sponsor has had no role in this transformation.","Bars K-12 schools and college- or university-level teacher preparation programs from ""providing instruction"" on certain ideas related to race or ethnicity.","K-12, colleges","Professional discipline
Private right of action
Civil suit by county attorney"
Arkansas,HB 1218,1/19/2021,Died,Rep. Mark Lowery (R),"Bans instruction that promotes ""the overthrow of the United States Government,"" ""division between, resentment of, or social justice for"" different groups, or that advocates ""the isolation of a group of students based on a particular characteristic.""","K-12, colleges",Monetary penalty/Loss of state financial support
Arkansas,HB 1231,1/21/2021,Died,Rep. Mark Lowery (R),Bans state funding being used to teach the 1619 Project.,K-12,Monetary penalty/Loss of state financial support
Arkansas,HB 1761,3/16/2021,Died,Rep. Mark Lowery (R),"Prohibits curricula, reading materials, programs, counseling, and activities from expressing, depicting, or teaching certain concepts relating to race and ethnicity.",K-12,None specified
Arkansas,SB 627,4/1/2021,Became law without governor's signature 5/3/21,Sen. Trent Garner (R),"Bans state entities (excluding public schools, charter schools, universities, political subdivisions, and law enforcement) from teaching or training of divisive concepts. Bars punishment of state employees for refusing to support such concepts.",state agencies,Ineligible for state contracts
Arkansas,SB 12,12/7/2021,Died,Sen. Trent Garner (R),Amends SB 627 to include public schools and charter schools.,"K-12, charter schools, state agencies, political subdivisions",Private right of action
Arkansas,HB 1011,12/8/2021,Died,Rep. Mark Lowery (R),"Bans public K-12 schools from ""express[ing], depict[ing], or teach[ing] certain ideas related race, ethnicity, and US politics. Requires schools to make available to parents all curricular materials.",K-12,None specified
Colorado,HB 1206,2/8/2022,Died,Rep. Dave Williams (R),"Prohibits K-12 schools from teaching or using instructional materials that promote certain ideas related to race, sex, or ethnicity. Forbids schools from segregating or making a distinction between students for various purposes on the basis of race, sex, or ethnicity.",K-12,"Private right of action
Monetary penalty/Loss of state financial support"
Connecticut,HB 5285/HB 5282/SB 1,4/28/2022,Died Note: these are proposed floor substitutes to unrelated bills.,Rep. Doug Dubitsky (R),"Prohibits K-12 schools from including in their curricula certain ideas related to race or sex, nor to include any curricula that is ""designed or intended to cause any individual feel discomfort, guilt, anguish or any other form of psychological distress on account of the individual's race or sex.""",K-12,None specified
Florida,SB 242/HB 57,1/11/2022,Died,Sen. Joe Gruters (R),"Bans state agencies, state contractors, and county and municipality governing bodies from teaching, advocating, or promoting divisive concepts, race or sex scapegoating, or race or sex stereotyping in employee trainings. Bans public schools and universities from teaching, advocating, or promoting divisive concepts, race or sex scapegoating, or race or sex stereotyping in curriculum or mandatory employee or student training.","state agencies, state contractors, K-12, colleges",Ineligible for state contracts
Florida,HB7/SB 148,1/11/2022,Signed by Governor DeSantis 4/22/2022,"Sen. Manny Diaz (R), Rep. Bryan Avila (R)","Bars K-12 schools and public colleges from adopting any instructional materials or engaging in any professional development programs that ""espouses, promotes, advances, inculcates, or compels"" belief in certain ideas about race, sex, color, or national origin. Classroom instruction related to past racial injustice may not ""indoctrinate or persuade"" students to believe these ideas. Employers may not require, as a condition of ""certification, licensing, credentialing, or passing an examination,"" that individual be subjected to instruction that ""espouses, promotes, advances, inculcates, or compels"" individuals to believe in certain ideas about race, sex, color, or national origin.","K-12, employers, colleges","Monetary penalty/Loss of state financial support
Professional discipline"
Florida,HB 1557/ SB 1834,1/11/2022,Signed into law by Governor Ron DeSantis 3/28/2022,Rep. Joe Harding (R),"Bars public schools from offering any instruction related to ""sexual orientation or gender identity"" to students in K-3 grades or to students in grades 4-12 ""in a manner that is not age-appropriate or developmentally appropriate"" or that conflicts with state standards.",K-12,Private right of action
Georgia,HB 888,1/12/2022,Died,Rep. Brad Thomas (R),"Bars K-12 schools from compelling students to adopt or affirm certain ideas related to race, ethnicity, color, religion, or national origin, or to engage in or observe a discussion of public policy. Prohibits contracting with any third-party to provide instruction that promotes any of these ideas. Requires schools to make all curricular material accessible for review by parents in advance of instruction and provide a means for opting their children out of the lesson. States the legislature's intent that colleges should strive for institutional neutrality on all matters not germane to their immediate duties and functions.","K-12, colleges","Private right of action, Monetary penalty/Loss of state financial support"
Georgia,SB 377 Passed by Senate in amended version without language on postsecondary institutions.,1/26/2022,Died,Sen. Jeff Mullis (R),"Bars K-12 schools, public colleges, and state agencies from including in their employee training and classroom instruction any material ""teach[ing], act[ing] upon, promot[ing], or encourag[ing]"" certain ""divisive concepts"" related to race or ethnicity.","K-12, colleges, state agencies","Professional discipline
Monetary penalty/Loss of state financial support"
Georgia,SB 375,1/26/2022,Died,Sen. Jeff Mullis (R),"Bars K-12 schools, political subdivisions, and state agencies from including in their employee training and classroom instruction any material ""teach[ing], act[ing] upon, promot[ing], or encourag[ing]"" certain ""divisive concepts"" related to race or sex.","K-12, political subdivisions, state agencies, state contractor",None specified
Georgia,HB 1084,1/27/2022,Signed by Governor Kemp 4/28/2022,Rep. Will Wade (R),Bars K-12 schools from promoting certain concepts related to race or US history.,K-12,"Loss of institutional autonomy
Professional discipline"
Georgia,SB 613,3/8/2022,Died,Sen. Carden Summers (R),"Prohibits private K-12 schools that receive public grants or financial support, or that participate in athletic associations in which public schools are also participants, from encouraging, promoting, or compelling students to adopt or affirm certain ideas related to race, sex, ethnicity, national origin, or American history. Prohibits the establishment of student clubs or activities that condition participation on certain identity characteristics. Schools may not compel, promote, or encourage discussion of sexual orientation or gender identity in primary grade levels, nor in an age inappropriate manner for any grade thereafter.",Private K-12,"Private right of action
Monetary penalty/Loss of state financial support"
Idaho,HB 352,4/6/2021,Died,Education Committee,"Bans ""teach[ing], advocat[ing], or encourag[ing] the adoption of any racist or sexist concept while instructing students."" Bans ""host[ing], pay[ing], or provid[ing] a venue for a speaker who espouses, advocates, or promotes any racist or sexist concept."" Bans requiring any ""student to read, view, or listen to any book, article, video presentation, digital presentation, or other learning material that espouses, advocates, or promotes any racist or sexist concept.""","K-12, colleges","Private right of action
Monetary penalty/Loss of state financial support"
Idaho,HB 375,4/19/2021,Died,Ways and Means Committee,"Prohibits certain tenets from being ""advocated for or endorsed"" by public schools and institutions of higher education. Bans funding for ""any education or program advocating sectarianism.""","K-12, colleges",None specified
Idaho,HB 377,4/21/2021,Signed into law by Governor Little 4/28/21,Rep. Wendy Horman (R),"Bans public schools and institutions of higher education from “direct[ing] or otherwise compel[ing] students to personally affirm, adopt, or adhere” to the outlined ""critical race theory"" tenets. Bars funding for such prohibited acts.","K-12, colleges",None specified
Idaho,HB 488,1/28/2022,Died,Rep. Priscilla Giddings (R),Adds penalties and a right of private action to HB 377.,"K-12, colleges","Private right of action
Monetary penalty/Loss of state financial support"
Illinois,HB 5494,1/28/2022,Pending (no further action in 2022),Rep. Tom Weber (R),"Bars K-12 schools from including or promoting certain ideas in their curricula related to race or sex. Prohibited from contracting with any third party for that purpose. Special instruction related to socialism, Marxism, and related ideologies are required. Requires schools to receive parental consent prior to any instruction related to sexual health.",K-12,"Private right of action
Monetary penalty/Loss of state financial support
Professional discipline
Loss of accreditation
Civil penalty by state AG"
Illinois,HB 5505,1/28/2022,Pending (no further action in 2022),Rep. Adam Niemerg (R),"Bars K-12 schools and colleges from directing or compelling students to affirm or adopt certain ideas related to sex, race, ethnicity, religion, color or natural origin. Parents, students, and members of the public have the right to object to any part of a K-12 curriculum that directs or compells affirmation or adoption of such ideas, and the school must address that objection. Note: The bill goes on to state that one way the school may address the objection is to ""provide additional balance or factual basis, or correct any factual bases found to be incorrect or biased."" It is unclear how this step would address a lesson involving directed or compelled speech.","K-12, colleges",None specified
Indiana,HB 1040,1/4/2022,Died,Rep. John Prescott (R),"Bans public K-12 schools from including or promoting certain ideas or practices in curricula or employee trainings. Requires public schools to teach that Marxism, socialism, and related ideologies are incompatible with the principles of the United States. Requires schools to obtain parental consent before teaching any instruction related to sexuality or reproductory health, or to offer medical counseling or treatments related to sexualty or reproductory health. Schools must establish a reporting system for petitioners wishing to file a complaint and must publicize all such complaints.",K-12,"Private right of action
Monetary penalty/Loss of state financial support
Loss of institutional accreditation
Professional discipline"
Indiana,SB 167,1/4/2022,Died,Sen. Scott Baldwin (R),"Bans schools from directing or compelling students to adopt or affirm certain ideas related to sex, race, ethnicity, religion, color, national origin, or political affiliation. Schools may not require employees to engage in training that includes similar ideas. A community review committee shall be established to review all proposed curricular material. All curricular material must be accessible to the public on a searchable website, and schools must obtain parental consent before offering mental health treatments. Further prohibits state agencies and public schools and colleges from including or promoting certain ideas in their instruction related to sex, race, ethnicity, religion, color, national origin, or political affiliation. Additional prohibitions apply to faculty and students in ""teacher preparation programs"" in postsecondary institutions. Erodes certain legal protections for public libraries.","K-12, colleges, state agencies",Private right of action
Indiana,HB 1228,1/6/2022,Died,Rep. Shane Lindauer (R),"Bans K-12 schools from including in their curricula certain ideas related to race or sex. Prohibits public K-12 schools and colleges from requiring any form of gender or sexual diversity training or orientation, nor including in any orientation or required course or training any sex or race stereotyping.","K-12, colleges",None specified
Indiana,HB 1231,1/6/2022,Died,Rep. John Jacob (R),"Bans public and accredited private K-12 schools from including in their curricula certain ideas related to race, sex, and US and Indiana history. Requires schools to post all curricula on a publically accessible website and permit a minimum of five taxpayers at a time to observe classroom instruction. Prohibits teachers from including in the classroom any controversial topics related to the material being discussed.",Public and private K-12,"Private right of action
Monetary penalty/Loss of state financial support
Loss of institutional accreditation
Professional discipline"
Indiana,SB 415,1/11/2022,Died,Sen. Erin Houchin (R),"Bans public K-12 schools, colleges, and state agencies from including in their curricula or directing or compelling students to adopt or affirm certain ideas related to race or sex. They are also prohibited from requiring any employee to undertake professional training that includes racial or sex stereotyping. Public colleges may not require students to engage in any form of mandatory gender or sexual diversity training or counseling.","K-12, colleges, state agencies",None specified
Indiana,HB 1362,1/11/2022,Died,Rep. Chuck Goodrich (R),"Bans public K-12 schools, colleges, and state agencies from requiring students to adopt or affirm any anti-American ideologies or certain ideas related to race, ethnicity, sex, religion, color, national origin, or political affiliation. Schools and colleges are also prohibited from including or promoting these same ideas and ideologies. Requires schools to place all curricular material online for public review.","K-12, colleges, state agencies",Private right of action
Indiana,HB 1389,1/13/2022,Died,Rep. Christopher Judy (R),"Bars K-12 schools from including or promoting certain ideas in their curricula related to race or sex. Prohibited from contracting with any third party for that purpose. Requires schools to post curricular information on a publicly searchable website and offer parents the ability to opt their children out of topics and assignments. Requires college faculty to remain impartial regarding any political activism or internship involving ""social or public policy"" in which students participate as part of their education.","K-12, colleges","Private right of action
Monetary penalty/Loss of state financial support
Civil suit by state AG"
Indiana,HB 1134 Passed by House in amended version without language on postsecondary institutions.,1/13/2022,Died,Rep. Anthony Cook (R),"Bans schools from directing or compelling students to adopt or affirm certain ideas related to sex, race, ethnicity, religion, color, national origin, or political affiliation. Schools may not require employees to engage in training that includes similar ideas. Further prohibits state agencies and public schools and colleges, as well as private K-12 schools in the delivery of civics courses, from including or promoting certain ideas in their instruction related to sex, race, ethnicity, religion, color, national origin, or political affiliation. Additional prohibitions apply to faculty and students in ""teacher preparation programs"" in postsecondary institutions. Erodes certain legal protections for public libraries.","Public and private K-12, colleges, state agencies","Private right of action
Professional discipline"
Iowa,HF 222,1/27/2021,Died,Rep. Skyler Wheeler (R),"Bans use of 1619 Project curriculum. Reduces budget for schools, colleges, and universities violating curriculum restrictions.","K-12, colleges",Monetary penalty/Loss of state financial support
Iowa,SF 478,2/25/2021,Died,Committee on Education,"Mandates First Amendment training for institutions of higher education, and authorizes penalties for faculty who violate free speech rights. Prohibits training that teaches or promotes divisive concepts. Mandates suspension of funds from student government organizations violating the First Amendment. Creates penalties for discrimination based on political bias in schools.","K-12, colleges","Professional discipline
Suspension of student government financial authority"
Iowa,HF 802,3/8/2021,Signed into law by Governor Reynolds 6/8/21,Committee on Judiciary,"Requires that any mandatory staff training “does not teach, advocate, act upon, or promote” specific defined concepts. Prohibits “specific defined concepts” from being included in public school curriculum.","K-12, colleges, state agencies",None specified
Iowa,SF 2037,1/13/2022,Died,Sen. Adrian Dickey (R),Amends HF 802 to prohibit K-12 school administrators from teaching certain ideas related to race or sex. Establishes penalties for administrators who violate the law.,K-12,Professional discipline
Iowa,SF 2043,1/13/2022,Died,Sen. Adrian Dickey (R),"Bans K-12 teachers from ""speaking about the Pledge of Allegiance in any manner in which the students may reasonably understand the teacher’s speech to be an unpatriotic commentary on the United States or an attempt to politically influence the students."" Requires teachers to stand and recite the Pledge of Allegiance.",Public and private K-12,Professional discipline
Iowa,HB 2053,1/20/2022,Died,Rep. Sandy Salmon (R),"Bans K-12 schools from requiring teachers to discuss ""current events or widely debated and currently controversial issues of public policy or social affairs."" Those who choose to do so must address the issues in a balanced and objective manner. Prohibits teachers from awarding requiring or awarding course credit for any form of political activism.",K-12,None specified
Kansas,HB 2662,2/9/2022,Died,House K-12 Education Budget Committee,"Prohibits public K-12 schools from directing or compelling students to adopt or affirm any idea ""that violates the civil rights act of 1964."" Schools may not contract with third parties for professional development that promote ""promote racially essentialist doctrines or practices that have been held to violate the civil rights act of 1964.""",K-12,"Private right of action
Monetary penalty/Loss of state financial support"
Kansas,SB 496,2/10/2022,Died,Senate Education Committee,"Affirms a parent's right to education that does not compel students, teachers, or administrators to affirm ""any idea that violates the civil rights act of 1964,"" nor for schools to use any curricular material that compels a child to affirm such an idea. Further prohibits schools from contracting with anyone who promotes ""racially
essentialist doctrines or practices"" for the purposes of professional development.",K-12,None specified
Kansas,SB 515,2/15/2022,Died,Senate Assessment and Taxation Committee,"Bars public K-12 schools from making part of curricular certain ideas related to race, ethnicity, religion, sex, creed, nonviolent political affiliation, social class or class of people, or governmental policy. No state department of education policy, website, or any other material may promote these ideas. All education related to history shall be free of ""inherently divisive concepts"" and ""critical race theory"".",K-12,"Professional discipline
Monetary penalty/Loss of state financial support"
Kansas,"SB 58 Note: This bill was initially introduced in 2021, but only became an EGO following the adoption of a House amendment on 4/1/2022.",4/1/2022,Vetoed by Governor Kelly 4/15/2022,Senate Judiciary Committee,"Prohibits public K-12 schools from directing or compelling students to adopt or affirm any idea ""that violates the civil rights act of 1964."" Schools may not contract with third parties for professional development that promote ""promote racially essentialist doctrines or practices that have been held to violate the civil rights act of 1964.""",K-12,None specified
Kentucky,HB 18,1/4/2022,Died,Rep. Matt Lockett (R),"Bans public K-12 schools from offering ""any classroom instruction or discussion"" or distributing ""printed or digital material"" on certain concepts. Bans public college students from being ""subjected to any classroom instruction or discussion... or printed or digital material"" that promotes certain concepts.","K-12, colleges","Private right of action
Monetary penalty/Loss of state financial support"
Kentucky,HB 14,1/4/2022,Died,Rep. Joseph Fischer (R),"Bans public K-12 schools from promoting certain concepts. Bans mandatory gender or sexual diversity training, as well as any form of race of sex stereotyping or bias, in public colleges.","K-12, colleges","Professional discipline
Monetary penalty/Loss of state financial support"
Kentucky,"SB 138, passed by Senate in amended version that ""members of all races"" with ""all its citizens.""",2/3/2022,Died,Sen. George Wise (R),"Requires that public K-12 and charter schools provide instruction consistent with certain concepts related to race and sex. Instruction must also be consistent with certain interpretations of the history and legacy of American slavery, the ability for all people regardless of race, sex, or class to succeed, and that ""The future of America's success is dependent upon cooperation between all its citizens.""",K-12,None specified
Kentucky,HB 487,2/11/2022,Died,Rep. Matthew Lockett (R),"Bars public K-12 schools and teacher training programs in public and private colleges and universities from offering any ""instruction or discussion, formal or informal, or distributes any"" materials that ""disparage the fundamental American value of equality"" or that ""advocate, inculcate, or promote bigotry, revisionist history, or critical social justice."" These terms are defined by reference to certain ideas about race, sex, and religion, ""cynical"" forms of social analysis, and negative claims about American history. Schools and state agencies are similarly prohibited from contracting with any outside organization that would engage in any of the precedeing acts.","K-12, colleges, state agencies","Private right of action
Loss of accreditation"
Kentucky,HB 706,3/1/2022,Died,Rep. Jennifer Henson Decker (R),"Prohibits K-12 schools, public colleges, and other state agencies and contractors from compelling, promoting, inculcating, or teaching -- whether directly or indirectly -- students, employees, and others to believe or affirm ""bigotry, critical social justice theory, race and sex essentialism, or a revisionist history of America's founding."" These institutions shall not contract with any third party for the above. Private employers that compel, promote, inculcate, or teach any of these concepts/values shall be presumed to have created a hostile work/learning environment.","K-12, colleges, state agencies, state contractors","Private right of action
Civil suit by state AG and other state officials"
Kentucky,SB 1,"3/23/2022 
Note: this date marks when SB 1, which up till then had been an unrelated education bill, was substantially amended to become an Education Gag Order.",Governor Beshear's veto overridden by legislature 4/14/2022,"Rep. Matt Lockett (R) 
Note: Rep. Lockett is the primary author of the EGO provision, but not the primary sponsor of SB1.","Requires public K-12 and charter schools to make their instruction and instructional materials ""consistent"" with certain ideas related to race, sex, and American history and culture. All instruction on ""current, controversial topics"" must be ""relevant, objective, nondiscriminatory, and respectful to the differing perspectives of students."" Students may not be required or incentivized to advocate on behalf of a position that differs from that of their own position or that of their parent or guardian.",K-12,None specified
Louisana,HB 747,1/4/2022,Died,Rep. Ray Garafalo (R),"Prohibits schools from purchasing or adopting any curricular or employee training materials that provide that one race, sex, ethnicity, or national origin is "" inherently superior, inferior, advantaged, disadvantaged, privileged, underprivileged, biased, or oppressed relative to another.""",K-12,None specified
Louisiana,HB 564,4/2/2021,Died,Rep. Raymond Garofalo (R),Bans in public schools and colleges (as well as private schools or colleges that receive state support) from including in curricula or employee training certain concepts related to race or sex.,Public and private K-12 and colleges,Professional discipline
Louisiana,HB 837,3/17/2022,Died,Rep. Dodie Horton (R),Prohibits public school employees from covering the topics of sexual orientation or gender identity in grades K-8. No employee may discuss with students of any grade level that employee's own sexual orientation or gender identity.,K-12,None specified
Louisiana,HB 1014,4/5/2022,Died,Rep. Raymond Garofalo (R),"Prohibits K-12 schools from including or promoting the use of any instructional material that compels students or employees to adopt, affirm, or promote certain ideas related to race, ethnicity, religion, color, or national origin.",K-12,"Private right of action
Monetary penalty/Loss of state financial support"
Maryland,HB 1256,2/11/2022,Died,Del. Brian Chisholm (R),"Bars public K-12 schools, as well as private K-12 schools that receive state funds, from including in their curricula certain ideas related to race and sex.",Public and private K-12,None specified
Michigan,SB 460,5/20/2021,Pending,Sen. Lana Theis (R),"Bans public school curriculum from including critical race theory, the 1619 project or any of the specified ""anti-American and racist theories.""",K-12,None specified
Michigan,"HB 5097, Passed by House in amended version that prohibits the ""promotion"" of certain ideas.",6/23/2021,"Pending, passed by House",Rep. Andrew Beeler (R),"Prevents the state board model core academic curriculum from including ""any form of race or gender stereotyping or anything that could be understood as implicit race or gender stereotyping.""",K-12,None specified
Minnesota,HF 2778,1/24/2022,Died,Rep. Glenn Gruenhagen (R),"Prohibits the state commissioner of education from requiring that any student be instructed or teacher be trained in ""critical race theory"".",K-12,None specified
Minnesota,HB 3301,2/10/2022,Died,Rep. Glenn Gruenhagen (R),"Prohibits K-12 schools from requiring instruction in ""critical race theory"", which is defined as ""a practice of examining the role of race and racism in society, the social construction of race and institutionalized racism, and how race intersects with identity, systems, and policies.""",K-12,None specified
Mississippi,SB 2538,1/18/2021,Died,Sen. Angela Burks Hill (R),Bars using state funds to teach the 1619 Project.,K-12,Monetary penalty/Loss of state financial support
Mississippi,HB 437,1/5/2022,Died,Rep. Becky Currie (R),"Bars public K-12 schools and colleges, as well as private education institutions that receive state funding, from including or promoting in their curricula certain ""divisive concepts"" related to race, sex, and national origin. These institutions are also prohibited from offering any training or orientation that includes these ideas.","K-12, public and private colleges","Professional discipline
Monetary penalty/Loss of state financial support"
Mississippi,SB 2106,1/12/2022,Died,Sen. Joey Fillingane (R),"Bars K-12 schools from allowing ""the instruction, training or teaching"" of certain ideas related to race or sex, or that promotes division on the basis of race, gender, political affiliation, social class, or any other class of people, or that negatively targets a nationality or country.",K-12,Monetary penalty/Loss of state financial support
Mississippi,SB 2098,1/12/2022,Died,Sen. Brice Wiggins (R),"Bans K-12 schools from including in their curricula ""critical race theory"".",K-12,None specified
Mississippi,SB 2113,1/12/2022,Signed into law by Governor Reeves 3/14/2022,Rep. Michael McLendon (R),"Bars public K-12 schools and colleges from compelling students to affirm or adopt certain ideas related to race, sex, or other characteristics, nor make ""a distinction or classification of students based on account of race"".","K-12, colleges",None specified
Mississippi,SB 2171,1/13/2022,Died,Sen. Chris McDaniel (R),"Bars K-12 and public colleges from directing or compelling students to adopt or affirm certain ideas related to sex, race, ethnicity, color, or national origin. No state money may be used to compel students to adopt or affirm any of these ideas.","K-12, colleges",None specified
Mississippi,HB 1495,1/17/2022,Died,Rep. Steve Hopkins (R),"Bars K-12 schools and colleges from including in their curricula or requiring students to affirm certain ideas related to ""sex, race, ethnicity, religion, color or national origin"", as well as the idea that ""racism is not merely the product of learned individual bias or prejudice, but that racism is systemically embedded in American society and the American legal system to facilitate racial inequality."" Schools and colleges are also prohibited from using any materials derived from the 1619 Project.","K-12, colleges",None specified
Mississippi,HB 1491,1/17/2022,Died,Rep. Brady Williamson (R),"Bars K-12 schools and colleges from requiring students to affirm certain ideas related to ""sex, race, ethnicity, religion, color or national origin"", nor making any distinction on the basis of ""race or color.""","K-12, colleges",None specified
Mississippi,HB 1496,1/17/2022,Died,Rep. Dana Underwood McLean (R),"Bars K-12 schools and colleges from requiring students to affirm certain ideas related to ""sex, race, ethnicity, religion, color or national origin"", nor making any distinction on the basis of ""race or color.""","K-12, colleges",None specified
Mississippi,HB 1492/1493/1494/1497,1/17/2022,Died,"Rep. Billy Calvert, Dan Eubanks, Joey Hood, Karl Oliver (R)","Bars K-12 schools and colleges from from including in their curricula, or providing employee or student training that includes, certain ideas related to race, sex, or the United States. They are further forbidden from including any content that promotes ""division between, or resentment of, a race, sex, religion, creed, nonviolent political affiliation, social class or class of people.""","Public and private K-12, public and private colleges","Professional discipline
Monetary penalty/Loss of state financial support"
Missouri,HB 952,1/28/2021,Died,Rep. Brian Seitz (R),"Bans teaching of ""curriculum implementing critical race theory,"" including the 1619 Project.","K-12, colleges",Monetary penalty/Loss of state financial support
Missouri,SB 586,5/1/2021,Died,Sen. Rick Brattin (R),"Sets state board of education policy ""not to promote or allow"" certain concepts related to race or sex in curricular or instruction.",K-12,None specified
Missouri,SB 5,6/23/2021,Died,Sen. Denny Hoskins (R),"Sets state board of education policy ""not to promote or allow divisive concepts in public school curricula or instruction.""",K-12,None specified
Missouri,HB 2132,1/3/2022,Died,Rep. Willard Haley (R),"Bans K-12 schools from administering any test that includes questions that affirm or promote certain concepts related to race, sex, or US history.",K-12,None specified
Missouri,HB 1995,1/5/2022,Died,Rep. Doug Richey (R),"Bars public K-12 schools from directing or compelling students or employees to discuss a public policy issue or to adopt or affirm certain ideas related to race, ethnicity, color, or national origin.",K-12,Private right of action
Missouri,HB 2189,1/5/2022,Died,Rep. Mary Coleman (R),"Bans K-12 schools from basing any curriculum materials on ""student, family, or community immutable and other identifying characteristics including, but not limited to, race, binary sex, gender choices, religion, disabilities, or income.""",K-12,"Private right of action
Civil suit by state AG and other state officials"
Missouri,HB 1554,1/6/2022,Died,Rep. David Gregory (R),Bans public K-12 schools from including certain ideas related to race or sex in their curricula.,K-12,Monetary penalty/Loss of state financial support
Missouri,HB 1669,1/6/2022,Died,Rep. Brian Seitz (R),"Bans public K-12 schools from compelling students or employees to adopt or affirm certain ideas related to race or sex in their curricula. Also prohibits mandatory orientation or training related to gender or sexual diversity, as well as any orientation or requirement that includes ""race or sex stereotyping"".",K-12,Monetary penalty/Loss of state financial support
Missouri,HB 1457,1/6/2022,Died,Rep. Hardy Billington (R),Bars public schools from including in their curricula any material from or claims within the 1619 Project.,K-12,None specified
Missouri,HB 1767,1/6/2022,Died,Rep. Chris Sander (R),"Bans public K-12 schools from compelling belief in certain ideas about race, sex, and related concepts. Requires schools to notify the state government and public in advance of broaching any of these ideas in class.",K-12,None specified
Missouri,HB 1815,1/6/2022,Died,Rep. Nick Schroer (R),"Bans schools and teachers from adopting curriculum ""implementing critical race theory"" and teaching or using any materials from the 1619 Project or similar works.",K-12,None specified
Missouri,HB 1634,1/6/2022,Died,Rep. Brian Seitz (R),"Prohibits teachers from using any material that identifies people, groups, or institutions as sexist, racist, or oppressive. Prohibits use of the 1619 Project and similar curricula.","K-12, colleges",Monetary penalty/Loss of state financial support
Missouri,HB 1484,1/6/2022,Died,Rep. Ann Kelley (R),"Bans public K-12 and colleges from including certain ideas related to race or sex in their curricula. Also prohibits mandatory orientation or training related to gender or sexual diversity, as well as any orientation or requirement that includes ""race or sex stereotyping"".","K-12, colleges",None specified
Missouri,HB 1835,1/6/2022,Died,Rep. John Wiemann (R),"Requires public school teachers to teach controversial issues objectively and forbids them from including as part of a course any form of political activism. Prohibits teachers from requiring students to adopt or affirm certain concepts related to race, sex, and the history of the United States. Prohibits any school policy that generates a ""chilling effect"" on student discussion.","K-12, state agencies",None specified
Missouri,HJR 110,1/6/2022,Died,Rep. Phil Christofanelli (R),"Bans public K-12 schools from compelling teachers or students to adopt or affirm certain ideas related to race, ethnicity, color, or national origin.",K-12,None specified
Missouri,SB 694,1/10/2022,Died,Sen. Rick Brattin (R),"Bans public schools from including in their curricula certain ""divisive concepts"" or making use of the 1619 Project, critical theory, or similar ideas. Schools may not force a teacher to discuss a ""current controversial topic"". Teachers who choose to discuss such topics shall do so objectively.",K-12,Monetary penalty/Loss of state financial support
Missouri,SB 638/676/734/735,1/10/2022,Died,Sen. Robert Onder; Justin Brown; Denny Hoskins (R),"Bans public school curricula from including ""divisive concepts"".",K-12,None specified
Missouri,SB 645,1/10/2022,Died,Sen. Andrew Koenig (R),"Bans public K-12 schools from requiring teachers adopt certain ideas related to race or sex. Limits the sources teachers may use in compiling their curricula. Requires that teachers promote an ""overall positive"" history and understanding of the US. Requires all K-12 curricula and teacher training programs be available online for public review.","K-12, colleges","Private right of action
Civil suit by state AG and other state officials"
Missouri,HB 1474,1/11/2022,Died,Rep. Nick Schroer (R),"Establishes a ""Parent's Bill of Rights"" requiring schools to grant parents information about curricula. Prohibits teachers from using any material that identifies people, groups, or institutions as sexist, racist, or oppressive. Prohibits use of the 1619 Project and similar curricula.",K-12,None specified
Missouri,HB 2428,1/12/2022,Died,Rep. Shamed Dogan (R),"Bars K-12 schools from requiring students or employees to discuss a public policy issue, nor to adopt or affirm certain ideas related to race, ethnicity, color, or national origin. Limits employee communications and activism while carrying out professional duties.",K-12,None specified
Missouri,SB 740,1/13/2022,Died,Sen. William Eigel (R),"Bars K-12 schools from directing or compelling students or faculty to adopt or affirm certain ideas related to race or sex. Mandates a principle of ""non-indoctrination"" that requires schools to balance all discussion of "" political, religious, or ideological nature"" with alternative material of an opposing position. Schools must place all curricular and professional development information and materials online for public review.",K-12,"Private right of action
Monetary penalty/Loss of state financial support
Civil suit by state AG"
Missouri,SB 1184,2/24/2022,Died,Sen. Holly Thompson Rehder (R),Prohibits public K-12 schools from promoting or including in their curricula certain ideas related to race or sex.,K-12,None specified
Missouri,HJR 135,2/25/2022,Died,Rep. Curtis Trent (R),"Bars K-12 schools from including in their curricula any instruction on certain ideas related to race, ethnicity, color, or national origin, nor any ideas that violate Title IV or VI of the Civil Rights Act.",K-12,Authorizes the General Assembly to create administrative and financial penalties and a private right of action.
Missouri,HB 2827,2/28/2022,Died,Rep. Curtis Trent (R),"Bars K-12 schools from adopting any instruction materials that violate a ""nonindoctrination principle"" of imposing ""any orthodoxy of a political, religious, or ideological nature."" Any material of such nature must be ""balanced"" with the inclusion of an alternative view. Prohibits K-12 schools from compelling students or employees to adopt or affirm certain ideas related to race, sex, ethnicity, religion, color, or national origin, nor to contract with any outside party that ""engages"" students or employees in activities that violate their freedom of conscience.",K-12,Civil suit by state AG
Nebraska,LB 1077,1/18/2022,Died,Sen. Ben Hansen (R),"Bars K-12 schools and public colleges from teaching, advocating, encouraging, promoting, or acting upon certain ideas related to race or sex as part of mandatory student or employee training. These institutions shall also, as part of their diversity and inclusion efforts, discourage students from discriminating on the basis of protected characteristics or political ideology. Note: According to the bill's primary sponsor, ""training"" in this bill is meant to include classroom instruction.","K-12, college, state agencies","Monetary penalty/Loss of state financial support
Civil suit by state AG"
New Hampshire,"HB 544 (modified version added to budget bill HB 2 under section ""Right to Freedom from Discrimination in Public Workplaces and Education"")",4/8/2021,Added to budget bill HB 2 as amendment. HB 2 was signed into law by Governor Sununu 6/25/21,"Reps. Keith Ammon, Glenn Cordelli, Jason Osborne (R)","Prohibits public employer or contractors from ""teach[ing], advocat[ing], instruct[ing], or train[ing] any employee, student, service recipient, contractor, staff member, inmate, or any other individual or group"" in certain concepts. Prohibits government programs from ""teach[ing], advocat[ing], or advanc[ing]"" certain concepts. Protects public employees from punishment for refusing to participate in training on certain concepts. Bars public school students from being ""taught, instructed, inculcated or compelled to express belief in, or support for"" certain concepts.","K-12, state institutions, state contractors","Private right of action
Professional discipline"
New Hampshire,HB 1313,11/20/2021,Died,Rep. Roderick Ladd (R),Amends HB 2 to extend prohibitions on teaching to colleges.,Colleges,"Private right of action
Professional discipline"
New Hampshire,HB 1255,1/8/2022,Died,"Reps. Alicia Lekas, Glenn Cordelli, Keith Ammon, Tony Lekas, Erica Layon (R)","Bars teachers from advocating in any state institution for socialism, Marxism, or any doctrine that calls for the violent overthrow of the United States. Bars teachers in public schools from advocating for any doctrine promoting a negative account of the founding of the United States without also including ""the worldwide context of now outdated and discouraged practices.""","K-12, colleges, state institutions",Professional discipline
New Jersey,A3647/A6140/SB664,1/11/2022,Pending,"Rep. Harold J. Wirths, Sen. Steven Oroho (R)","Bans public employers from requiring that any employee complete a training program that encourages the adoption of certain ideas related to race, sex, and other identities.","K-12, colleges, state institutions",None specified
New Jersey,SB 598/A 783,1/12/2022,Pending,"Sens. Michael Testa, Joseph Pennacchio, Reps. Gerard Scharfenberger, Robert Auth (R)","Bans public schools from including certain concepts in their instruction, except when the concepts relate to specific historical events or documents. Prohibits teachers from ""endorsing, supporting, or opposing"" any political candidate, policy, or court decision. Requires that teachers only discuss an issue included in a political party's platform when it is germane to the subject being taught, in which case the issue must be presented in a fair-minded and nonpartisan manner.",K-12,None specified
New Jersey,S 2685,5/19/2022,Pending,Sen. Edward Durr (R),"Prohibits K-12 schools from promoting or using materials that promote ""concepts related to critical race theory"", including certain ideas related to race or sex. Creates a hotline to be used by parents to notify the state of any violation.",K-12,"Professional discipline
Monetary penalty/Loss of state financial support"
New Mexico,HB 91,1/19/2022,Died,Rep. Rebecca Dow (R),"Bars K-12 schools from teaching ""critical race theory"", defined as certain ideas related to race or sex. This includes instruction that ""derives or otherwise traces its origins or influences from, or pertinently overlaps with, the critical theory social philosophy,"" that ""creates a feeling or feelings of discomfort, guilt, anguish or any other form of psychological, physical or any other kind of distress in a person on account of the race or gender attributed to that person,"" or that ""teaches or promotes the idea that social problems are created by racist or patriarchal societal structures and systems,"" among others.",K-12,None specified
New York,A8579,1/5/2022,Pending (no further action in 2022),Assemblyman John Salka (R),Prohibits public schools from including certain concepts in their courses.,K-12,None specified
New York,A8253,1/5/2022,Pending (no further action in 2022),Assemblyman Colin Schmitt (R),Prohibits public schools and universities from holding courses or curriculum teaching certain concepts. Bans requiring students or faculty to learn or study the 1619 Project.,"K-12, colleges",None specified
North Carolina,HB 1067,5/27/2022,Pending,Rep. Keith Kidwell (R),Public K-12 schools ay not include any instruction on sexual orientation or gender identity in K-6 curricula.,K-12,Private right of action
North Carolina,HB 755,5/25/2022 Note: This is the date on which the bill was amended into an EGO.,"Pending, passed by Senate","Sen. Deanna Ballard (R)
Note: Ballard is the sponsor of the amendment that transformed HB 755 into an EGO, but is not the bill's original sponsor.",Public K-12 schools may not include any instruction on sexual orientation or gender identity in K-3 curricula. Parents must be notified prior to any change in the name or pronouns school personnel use in reference to a student.,K-12,Private right of action
North Carolina,HB 324,3/17/2021,Vetoed by Governor Cooper 9/10/21,Rep. Jason Saine (R),Bans public schools from compelling students to adopt or affirm certain ideas related to race or sex.,K-12,None specified
North Carolina,SB 700,4/7/2021,Died,"Sens. Chuck Edwards, Joyce Krawiec, Ralph Hise (R)","Public K-12 schools must present a balanced viewponit on all matters. When discussing one political party, ""the viewpoint of the alternative political party shall also be presented and given equal weight during the same instructional unit.""",K-12,None specified
North Dakota,HB 1508,11/8/2021,Signed into law by Governor Burgum 11/12/2021,"Rep. Jim Kasper, Ben Koppelman, Lisa Meier, Karen Rohr, Dan Ruby (R), Sens. Janne Myrdal, Terry Wanzek (R)","Requires that all instruction in public K-12 schools be ""factual"" and ""objective"". Prohibits the inclusion of any instruction related to critical race theory, defined as ""the theory that racism is not merely the product of learned individual bias or prejudice, but that racism is systemically embedded in American society and the American legal system to facilitate racial inequality.""",K-12,None specified
Ohio,HB 327,5/25/2021,Pending,Rep. Diane Grendell (R),"Bans teaching or training of divisive concepts. Bars funding for school districts in violation until in compliance. Allows the ""impartial discussion of controversial aspects of history."" Prohibits state agencies (including institutions of higher education) from offering ""teaching, instruction, or training on divisive concepts to any employees, contractors, staff members, or any other individual or... requir[ing] them to adopt or believe in divisive concepts."" Bars punishment for state employees' ""refusal to support, believe, endorse, embrace, confess, act upon, or otherwise assent to divisive concepts."" Bans state agencies from accepting private funding for curriculum or training that promotes divisive concepts.","K-12, colleges, state institutions","Monetary penalty/Loss of state financial support
Ineligibility of state contracts"
Ohio,HB 322,5/25/2021,Pending,Rep. Don Jones (R),"Bans requiring teachers to ""discuss current events or widely debated and currently controversial issues of public policy or social affairs."" Requires teachers who do to ""explore such issues from diverse and contending perspectives."" Bans requiring students to engage in political advocacy. Bans private funding of curriculum or teacher training. Bans teaching or training of staff to believe in certain concepts. Bans those concepts in teaching materials. Bans teachers from being required to affirm certain beliefs.","K-12, state agencies",None specified
Ohio,HB 616,4/4/2022,Pending,Rep. Mike Loychik (R),"Bars public and private K-12 schools from using or providing any instructional material designed to promote certain ""racist"" or ""divisive"" concepts, including ""critical race theory,"" ""intersectional theory,"" and the 1619 Project. Employee training may not promote these concepts. No instructional content related to sexual orientation or gender identity may be provided to students in grades K-3, nor thereafter in a manner that is not age- or developmentally appropriate.",Public and private K-12,"Professional discipline
Monetary penalty/Loss of state financial support"
Oklahoma,SB 803,2/1/2021,Died,Sen. Shane Jett (R),"Prohibits schools from ""teaching, instructing or training any student to believe"" certain concepts related to race or sex.",K-12,Professional discipline
Oklahoma,SB 830,2/1/2021,Died,Sen. Nathan Dahm (R),"""[E]very agency or department of the state, county or municipality or political subdivision shall be prohibited from adopting a policy to promote race or sex stereotyping or scapegoating.""","state agencies, political subivisions",None specified
Oklahoma,HB 1775,2/1/2021,Signed into law by Governor Stitt 5/7/21,"Rep. Kevin West, Sen. David Bullard (R)","Bans ""mandatory gender or sexual diversity training or counseling"" for students or ""orientation or requirement that presents any form of race or sex stereotyping or a bias on the basis of race or sex"" in higher education. Prohibits schools from using specified concepts in courses.","K-12, colleges",None specified
Oklahoma,SB 614,2/23/2021,Died,Sen. David Bullard (R),"Bars public colleges and universities from endorsing, promoting, demeaning, or intentionally undermine any religious or non-religious faith. Professors may not ""endorse, favor or promote socialism, communism or Marxism"", nor express or include any ""anti-American bias"" or ""anti-American sentiment"".",colleges,None specified
Oklahoma,SB 588,2/25/2021,Died,Sen. David Bullard (R),"Establishes K-12 students' rights to an ""unbiased education"" that does not ""endorse, favor or promote socialism, communism or Marxism and that is free from anti-American bias."" Establishes a student right to classroom space and school events free from flags and other paraphenalia associated with these ideas. Students and parents may file a complaint in the event that these rights are violated.",K-12,"Monetary penalty/Loss of state financial support
Loss of state accreditation"
Oklahoma,SB 1141,2/7/2022,Died,Sen. Rob Standridge (R),"Bars public colleges and universities from requiring students to enroll in any course that ""addresses any form of gender, sexual, or racial diversity, equality, or inclusion curriculum."" No course required as part of a student's major may include certain ideas related to race or sex.",colleges,None specified
Oklahoma,SB 1174,2/7/2022,Died,Sen. George Burns (R),"Bars K-12 schools from requiring teachers of civics, history, and similar courses to discuss ""current events or widely debated and currently controversial issues of contemporary public policy or contemporary social affairs."" Those who choose to do so must teach the material from ""diverse and contending perspectives."" Bars K-12 schools from requiring or awarding course credit for lobbying, public policy advocacy, or any similar form of political activism.",K-12,None specified
Oklahoma,SB 1654,2/7/2022,Died,Sen. Shane Jett (R),"Bars K-12 schools from discussing or administering any survey or questionnaire related to gender or sexuality. Schools may not include in their libraries or make part of a curriculum any book whose primary subject is ""the study of lesbian, gay, bisexual, or transgender issues or recreational sexualization.""",K-12,None specified
Oklahoma,SB 1142,2/7/2022,Died,Sen. Rob Standridge (R),"Prohibits public school libraries from holding or promoting books focusing on sex, sexual lifestyles, or sexual activity, or are of a controversial nature that a ""reasonable parent"" would not approve. Parents may demand the removal of any book they deem to be inappropriate.",K-12,Private right of action
Oklahoma,SB 1250,2/7/2022,Died,Sen. David Bullard (R),"Bars K-12 schools from awarding course credit for political activities such as assisting in voter registration. Teachers may not be compelled to discuss a ""a particular current event or widely debated and currently controversial issue of public policy or social affairs.""",K-12,Professional discipline
Oklahoma,HB 2988,2/7/2022,Died,Rep. Jim Olsen (R),Bars public schools from including in their curricula the 1619 Project or related ideas about the history of slavery in America.,"K-12, colleges",Monetary penalty/Loss of state financial support
Oklahoma,SB 1401,2/7/2022,Died,Sen. Rob Standridge (R),"Bars K-12 schools and junior and technical colleges from employing or contracting with any individual who ""introduces and teaches related to Critical Race Theory.""","K-12, colleges","Private right of action
Professional discipline"
Oklahoma,SB 1470,2/8/2022,Died,Sen. Rob Standridge (R),"Bars K-12 schools from employing or contracting with any person who ""promotes positions in the classroom or at any function of the public school that is in opposition to closely held religious beliefs of students.""",K-12,"Private right of action
Professional discipline"
Oklahoma,HB 1074,4/25/2022,Died Note: this is a proposed floor substitute to an unrelated bill.,Sen. Nathan Dahm (R),"Prohibits any classroom instruction on ""sexual orientation or gender identity"" in grades K-5, and only in an age and developmentally appropriate manner thereafter.",K-12,Private right of action
Pennsylvania,SB 1278,6/10/2022,"Pending, passed by Senate",Sen. Scott Martin (R),"Prohibits public schools from offering any classroom instruction on gender identity or sexual orientation in grades pre-K-5, nor thereafter in a manner that is not age-appropriate and developmentally appropriate. When discussing these subjects, teachers must remain neutral in a fashion similar to the constitutionally mandated posture of neutrality toward religion.",K-12,Private right of action
Pennsylvania,HB 1532,6/7/2021,Pending,Rep. Russ Diamond (R),"Bars communications from state agencies, school districts, or public universities that ""adopt, express or promote any racist or sexist concept."" Bars punishment for public employees, contractors, or students for ""refusal to support, believe, endorse, embrace, confess, act upon or otherwise assent to an racist or sexist concept."" Bars teachers and professors from ""teach[ing], advocat[ing] or encourag[ing] the adoption of a racist or sexist concept while instructing students."" Bans schools and universities from ""host[ing], pay[ing] or provid[ing] a venue for a speaker who espouses, advocates or promotes any racist or sexist concept."" Bans contractors from engaging workplace training that teaches such concepts.","K-12, colleges, state entities, state contractors","Private right of action
Monetary penalty/Loss of state financial support
Ineligibility for state contracts"
Pennsylvania,HB 2521,4/18/2022,Pending,Rep. Barbara Gleim (R),"Prohibits K-12 schools, their employees, or invited speakers from compeling any individual to adopt or affirm certain ideas related to age, sex, gender identity, sexual orientation, race, creed, color, marital status, familial status, mental or physical disability, religion, or national origin, nor penalize any individual for ""a refusal to engage in prohibited indoctrination."" Similar prohibitions apply to any contractor.","K-12, state contractors",Loss of contract
Rhode Island,H 6070,3/3/2021,Died,"Reps. Patricia Morgan, George Nardone, Sherry Roberts (R)","Mandates that all ""state and municipal contracts, grants and training programs... include provisions banning the teaching of divisive concepts and... prohibit making any individual feel discomfort, guilt, anguish, or any other form of psychological distress on account of their race or sex.""","state agencies, state contractors",None specified
Rhode Island,HB 7539,2/18/2022,Died,Rep. Patricia Morgan (R),"Bars K-12 schools from including in their curricula certain ideas related to race, color, national origin, religion, disability, or sex. Prohibits them from using race or gender stereotypes "" in any part of the school curricula or instruction....Terms such as ""supremacy,"" ""racial guilt,"" ""racial fragility,"" and other racial slurs or terms used to cast negative opinions on individuals based upon race, ethnicity, gender, or religion"" may not be included in curricula. No classroom material may depict ""identity groups"" as victims or oppressors. History shall be taught using ""the standards, customs, and traditions in use at the time of the historical event."" Instruction may not focus on the history, literature, or cultural contributions of individual identity groups, nor may they center on ""any race, ethnicity, gender, religion or viewpoint."" Prohibits use of the 1619 Project. Sex education shall not explore sexual preference, gender dysphoria, or sexual lifestyles. Forbids use of pronouns that refer to a gender different from a child's biological sex.",K-12,Professional discipline
South Carolina,"H 4100 (part of state budget under ""Partisanship Curriculum"")",3/16/2021,Signed into law by Governor McMaster 6/25/21,House Ways and Means Committee,"Mandates that funds shall not be used by public schools ""to provide instruction in, to teach, instruct, or train any administrator, teacher, staff member, or employee to adopt or believe, or to approve for use, make use of, or carry out standards, curricula, lesson plans, textbooks, instructional materials, or instructional practices that serve to inculcate"" certain concepts.",K-12,None specified
South Carolina,H 4325,5/4/2021,Died,Rep. Steven Wayne Long (R),"Bans public schools and institutions of higher learning from ""direct[ing] or otherwise compel[ling] students to personally affirm, adopt, or adhere to the tenets of critical race theory; or introduc[ing] a course of instruction or unit of study"" to do such.","K-12, colleges",None specified
South Carolina,H 4343,5/5/2021,Died,Rep. Bill Taylor (R),"Mandates that school websites ""provides a detailed list of instructional materials and curricula used in the school."" Prohibits schools from ""direct[ing] or otherwise compel[ing] students to personally affirm, adopt, or adhere to"" specified tenets. ""A student, administrator, teacher, staff member, other school or district employee, or volunteer may not be required to engage in any form of mandatory gender or sexual diversity training or counseling... or to create or participate in a professional development, training, or a course that includes"" specified concepts. Bars schools from teaching or using the 1619 Project.",K-12,Monetary penalty/Loss of state financial support
South Carolina,H 4392,5/13/2021,Died,"Reps. Linda Bennett, Stewart Jones (R)","Bars requiring or giving course credit for lobbying or public policy advocacy by students. Bars private funding for curriculum or professional development for ""courses on history, civics, U.S. government and politics, social studies, or similar subject areas."" Bars teachers from being compelled to ""to affirm a belief in anything characterized as the systemic nature of racism... or in anything characterized as the multiplicity or fluidity of gender identities."" Prohibits state agencies and schools from engaging in teaching, instructing, or training in certain concepts, or using curriculum or instruction to inculcate specified concepts.","K-12, state agencies",None specified
South Carolina,H 4605,1/11/2022,Died,"Reps. Linda Bennett, James Burns, Cally Forrest, Joseph Bustos (R)","Bans any state-funded entity from promoting, engaging, or treating individuals in accordance with certain discriminatory concepts. Bars educators from suggesting or requiring completion of any ""instruction, presentations, discussions, or counseling"" that affirms the discriminatory concepts. Forbids educators from subjecting minors to certain ""controversial and age-inapprorpiate topics"" and regulates the manner in which instruction may be conducted.","K-12, colleges, state entities, state contractors, private businesses and organizations that receive state funds or benefit from state tax exemption or nonprofit status","Monetary penalty/Loss of state financial support
Loss of tax exemption status or any other state accommodation
Loss of state contract"
South Carolina,SB 982,1/12/2022,Died,Sen. Thomas Davis (R),"Bars K-12 schools from compelling students to adopt or affirm certain ideas related to race, ethnicity, color, religion, or national origin. Prohibits contracting with any third-party to provide instruction that promotes any of these ideas. Requires schools to make all curricular material accessible for review.",K-12,Civil suit by state AG
South Carolina,HB 4799,1/13/2022,Died,Rep. Robert May (R),"Bans K-12 schools and colleges from teaching, including in curricula, or compelling students to adopt or affirm certain ideas about American history, race, sex, or other characteristics. These institutions are also prohibited from requiring or encouraging employees to attend workshops or training where such ideas are promoted. Prohibits K-12 schools from including or promoting the 1619 Project.","K-12, colleges, state agencies, political subdivisions",Monetary penalty/Loss of state financial support
South Carolina,HB 5183,3/30/2022,"Died, passed by House
Note: This bill is substantively similar (though not identical) to S 945.",House Education and Public Works Committee,"Prohibits public K-12 schools from including or promoting in their instruction or professional development materials certain ideas related to race, sex, ethnicity, religion, color, or national origin. Bans any instruction that ""create[s] a narrative"" connecting the United States or its founding to ""oppression"".",K-12,Monetary penalty/Loss of state financial support
South Carolina,S 945,5/4/2022 Note: This is the date of the committee subsistute that rendered the bill an EGO.,"Died Passed by Senate
Note: This bill is substantively similar (though not identical) to HB 5183.",Sen. Greg Hembree (R),"Prohibits public K-12 schools from including or promoting in their instruction or professional development materials certain ideas related to race, sex, ethnicity, religion, color, or national origin. Bans any instruction that ""create[s] a narrative"" connecting the United States or its founding to ""oppression"".",K-12,Monetary penalty/Loss of state financial support
South Dakota,HB 1157,1/28/2021,Died,Rep. Phil Jensen (R),"Bans instruction in public schools that promotes or advocates certain concepts or ideas related to ""race, gender, political affiliation, social class, or identifiable group of people,"" or is ""designed primarily for students of a particular ethnic group.""",K-12,None specified
South Dakota,HB 1158,1/28/2021,Died,Rep. Phil Jensen (R),"Bans ""any materials or encourage any activities that are associated with efforts to reframe this country's history in a way that promotes racial divisiveness and displaces historical understanding with ideology,"" including the 1619 Project.",K-12,None specified
South Dakota,HB 1012,1/11/2022,Signed into law by Governor Noem 3/21/2022,Gov. Kristi Noem (R),"Bans public colleges from compelling students to adopt or affirm certain ideas related to race, sex, and other characteristics, nor require students or employees to attend any training or orientation that teaches these ideas.",Colleges,None specified
South Dakota,HB 1337,2/2/2022,Died,Gov. Kristi Noem (R),"Bars K-12 schools from including in their curricula or employee training any content that promotes certain ideas related to race, color, religion, sex, ethnicity, national origin, or US history.",K-12,None specified
South Dakota,HB 1309,2/4/2022,Died,Rep. Sue Lucas-Peterson (R),"Prohibits K-12 and public colleges from soliciting from individuals, as a condition of admission, employment, retention, promotion, or tenure, their commitment to certain ideas related to diversity, racism, gender, sexuality, or American society.","K-12, colleges",None specified
Tennessee,HB 580,2/5/2021,Signed into law by Governor Lee 5/25/21,Rep. John Ragan (R),"Bans public schools from including or promoting certain concepts in curriculum. Allows the ""impartial discussion of controversial aspects of history."" Mandates the withholding of at least a portion of state funds for schools not in compliance.",K-12,Monetary penalty/Loss of state financial support
Tennessee,HB 800,2/9/2021,Died,Rep. Bruce Griffey (R),"Bans schools from using ""textbooks and instructional materials or supplemental
instructional materials that promote, normalize, support, or address lesbian, gay, bisexual, or transgender (LGBT) issues or lifestyles.""",K-12,None specified
Tennessee,HB 2417/SB 2283,2/1/2022,Died,Rep. Robin Smith (R),"Bars public colleges and universities from requiring teachers or students to discuss public policy issues, nor to adopt or affirm certain ideas related to race, ethnicity, color, or national origin.",Colleges,Private right of action
Tennessee,HB 2313/SB 2298,2/1/2022,Died,Rep. Bruce Griffey (R),"Bars any private individual, organization, or association that receives a tax exemption under federal law, is a non-profit, or that receives funding from the state from requiring ""an individual, employee, or applicant for employment to complete or participate in training, orientation, or any other instructional or informational program that promotes"" certain ideas related to race or sex.","Private K-12 and colleges, non-profits, tax exempt organizations",Private right of action
Tennessee,HB2670/SB 2290,2/1/2022,Signed into law by Governor Lee 4/8/2022,"Sen. Mike Bell (R), Rep. Cameron Sexton (R)","Bans public colleges and universities from including certain ideas related to race and sex in any ""seminars, workshops, trainings, and orientations."" Campus diversity initiatives must include the promotion of intellectual diversity.",Colleges,Private right of action
Tennessee,HB 2673/SB 2684,2/2/2022,"Signed into law by Governor Lee 5/25/2022, but without EGO provisions",Rep. Jerry Sexton (R),"Bars K-12 schools from including in their instruction any ""anti-Semitic concepts"".",K-12,None specified
Texas,HB 3979,3/11/2021,Signed into law by Governor Abbott 6/15/21 Note: This law was replaced by SB 3.,Rep. Steve Toth (R),"Bars teachers from being ""compelled to discuss a particular current event or widely debated and currently controversial issue."" Teachers who do so should ""strive to explore the topic from diverse and contending perspectives without giving deference to any one perspective."" Bars schools from requiring or giving course credit for a student's political activism, lobbying, or public policy advocacy. Bars state agency and school employees from being ""required to engage in training, orientation, or therapy that presents any form of race or sex stereotyping."" Bars requiring an understanding of the 1619 Project. Bans schools from requiring or making part of a course certain concepts. Bans agencies and schools from accepting private funding for developing prohibited curriculum.","K-12, state agencies",None specified
Texas,HB 178,7/8/21,Died,Rep. Steve Toth (R),"Requires the online posting of descriptions of all teaching materials. Expands prohibitions from social studies courses to all K-12 courses. Bans teachers from requiring course elements that ""serve to inculcate"" certain concepts. Bans employees of state agencies and school districts from teaching other employees about those concepts.","K-12, state agencies",None specified
Texas,HB 40,8/6/2021,Died,Rep. Steve Toth (R),"Bars state agencies from compelling, instructing, or inculcating in any individual certain ideas related to race or ""revisionist history"".",K-12,"Professional discipline
Private right of action"
Texas,HB 28,8/6/2021,Died,Rep. Steve Toth (R),"Requires the online posting of descriptions of all teaching materials. Expands prohibitions from social studies courses to all K-12 courses. Bans teachers from requiring course elements that ""serve to inculcate"" certain concepts. Bans employees of state agencies and school districts from teaching other employees about those concepts.","K-12, state agencies",None specified
Texas,SB 3,8/9/2021,Signed into law by Governor Abbott 9/17/21 Note: This law replaced HB 3979.,Sen. Bryan Hughes (R),"Removes HB 3979's social studies curriculum materials. Creates civics training program for teachers and administrators. Mandates that parents receive login credentials to online instructional materials. Prohibits teachers from being ""compelled to discuss a particular current event or widely debated and currently controversial issue of public policy or social affairs."" If they do so, teachers must ""strive to explore that topic from diverse and contending perspectives without giving deference to any one perspective."" Bans requiring or awarding credit for a student's lobbying or policy advocacy. Bars schools and state agencies from making inculcation in certain concepts part of a course. Bans teaching, training, or instructing employees in those concepts. Bans schools and state agencies from requiring an understanding of the 1619 Project. Bans private funding for curriculum or professional development.","K-12, state agencies",None specified
Utah,SB 257,2/25/2022,Died,Sen. John Johnson (R),"Bans K-12 schools and colleges from promoting or compelling belief in or affirmation of certain ideas related to race, ethnicity, sex, religion, national origin, or political affiliation, nor to include in their instruction any curricular materials that promote such ideas. No outside money may be used to develop curricular material ""relates to the promotion"" of such ideas. Similar probitions apply to professional training for state employees.","K-12, colleges, state agencies, political subdivisions","Private right of action
Professional discipline
Monetary penalty/Loss of state financial support"
Virginia,Amendment 99 to SB 7001,8/4/2021,"Proposed amendment to budget bill, ruled out of order",Sen. Steve Newman (R),"Bars school districts from teaching, training, or promoting certain ideas about race, US history, or capitalism.",K-12,None specified
Virginia,HB 787 Passed by House in amended version that prohibits teachers from promoting or teaching as valid certain ideas.,1/11/2022,Died,Del. Dave LaRock (R),Bars K-12 schools from instructing students or employees in certain concepts related to race or sex.,K-12,None specified
Virginia,HB 977,1/12/2022,Died,Del John McGuire (R),"Bars K-12 schools from teaching, training or promoting to students or employees certain ideas related to race, religion, capitalism, or the United States.",K-12,None specified
Virginia,HB 1068/SB 570,1/12/2022,Died,Del. A.C. Cordoza; Sen. Jennifer Kiggans (R),"Bars K-12 schools from including in their curricula certain ideas related to race, sex, and religion.",K-12,None specified
Virginia,HB 1126,1/12/2022,Died,Del. John Avoli (R),"Bars K-12 schools from teaching or promoting to any student or employee certain ideas related to race, capitalism, and the United States.",K-12,None specified
Virginia,HB 781,1/12/2022,Died,Del. Wren Williams (R),"Bars K-12 schools from including in curricula or instructing students or employees to believe or affirm certain ideas related to race, religion, ethnicity, sex, or the United States. Schools are required to post instructional materials online for public review.",K-12,"Professional discipline
Monetary fine
Monetary penalty/Loss of state financial support
Criminal penalties"
Virginia,Amendment to SB 29/HB 29,2/20/2022,Died,Gov. Glenn Youngkin,"Bars K-12 schools from including in their curricula certain ideas related to  race, skin color, ethnicity, sex or faith.",K-12,None specified
Washington,HB 1807,1/6/2022,Died,Rep. Jim Walsh (R),"Regulates how K-12 schools instruct students in civic courses. Teachers in such courses may not be compelled to include material derived from the 1619 Project, Ibram Kendi's ""How to Be an Anti-Racist,"" or anything related to ""Critical Race Theory"". Those who choose to do so must be objective. Prohibits schools from requiring that employees participate in professional development or trainings that include certain ideas related to race, sex, and US history.",K-12,None specified
Washington,HB 1886,1/11/2022,Died,Rep. Bradley Klippert (R),"Bars K-12 schools from providing any instruction in certain ideas relating to race, sex, and the United States.",K-12,None specified
West Virginia,HB 2595,2/18/2021,Died,Del. Riley Keaton (R),Prohibits contractors from inculcating employees in race or sex stereotyping or scapegoating. Bars use of divisive concepts in schools. Prohibits funding for state agencies promoting divisive concepts.,"K-12, state agencies, state contractors",None specified
West Virginia,SB 618,3/10/2021,Died,Sen. Michael Azinger (R),"Prohibits public schools from teaching, instructing, or training students to believe certain concepts related to race or sex.",K-12,Professional discipline
West Virginia,SB 182,1/12/2022,Died,Sen. Mike Azinger (R),"Bars K-12 schools from ""teaching, instructing or training any student to believe"" certain ideas related to race or sex.",K-12,Professional discipline
West Virginia,SB 45,1/12/2022,Died,Sen. Robert Karnes (R),"Bars K-12 schools, state agencies, and state contractors from using materials that promote certain ideas related to race or sex.","K-12, state agencies, state contractors",None specified
West Virginia,SB 498,1/28/2022,Died,Sen. Patricia Rucker (R),"Prohibits K-12 and public colleges from including or requiring of students the adoption or affirmation of certain concepts related to race, sex, or ethnicity.","K-12, colleges",Private right of action
West Virginia,HB 4011,2/1/2022,Died,Del. Chris Pritt (R),"Bars K-12 schools from promoting or endorsing any stereotypes based on ""race, sex, ethnicity, religion, or national origin."" Prohibits schools from compelling employees or teachers from to affirm or adopt certain ideas related to race, sex, ethnicity, religion, or national origin, nor contract or employ any individual who promotes these ideas unless the school makes clear that it does not officially endorse them.",K-12,None specified
West Virginia,HB 4016,2/1/2022,Died,Del. Dean Jeffries (R),"Bars public K-12 and charter schools from including in their curricula certain concepts related to race, sex, ethnicity, religion, or national origin. Prohibits schools from teaching that students should be required to recognize or address a person according to their preferred gender identity, where that identity does not correspond to their biological sex. Prohibits schools from including any instruction about ""Marxism, Marxist-Leninism, Maoism, socialism, communism, or so-called critical political theory or critical economic theory,"" unless the teacher also describes the historical atrocities associated with these ideologies and the comparative superiority of capitalism. Bans the 1619 Project. Prohibits employee training that includes any of these ideas.","K-12, state agencies, political subdivisions","Loss of state accreditation
Professional discipline"
Wisconsin,SB 410/AB 414,6/10/2021,Died,"Sens. André Jacque, Stephen Nass, Van Wanggaard (R)","Prohibits agencies or political subdivisions from requiring an employee training that ""teaches, advocates, acts upon, or promotes race or sex stereotyping."" Requires training materials to be posted online.",state agencies,"Private right of action
Professional discipline
Monetary penalty/Loss of state financial support"
Wisconsin,SB 411/AB 411,6/10/2021,Vetoed by Governor Evers 2/4/2022,"Sens. André Jacque, Alberta Darling, Stephen Nass (R)",Prohibits teachers from teaching race or sex stereotyping concepts. Bans mandatory employee training on such concepts. Requires curricula be posted online.,K-12,"Private right of action
Monetary penalty/Loss of state financial support"
Wisconsin,SB 409/AB 413,6/10/2021,Vetoed by Governor Evers 4/15/2022,"Sens. André Jacque, Stephen Nass (R)",Prohibits public universities and colleges from teaching race or sex stereotyping. Requires course syllabi to be posted on institution's website. Bans requiring employees to attend trainings promoting race or sex stereotyping.,colleges,"Private right of action
Monetary penalty/Loss of state financial support"
Wyoming,HB 97,2/11/2022,Died,Rep. Chuck Gray (R),"Bars public K-12 schools, state agencies, and political subdivisions from presenting any instruction or training that contains certain ideas related to race, ethnicity, sex, color or national origin.","K-12, state agencies, political subdivisions","Professional discipline
Private right of action"
Wyoming,SB 103,2/15/2022,Died,Rep. Bill Fortner (R),"Bars public K-12 and colleges from offering instruction in ""American institutions and ideals"" that includes ""critical race theory"" or ""critical theory"", which are described as social philosophies that inflame tensions on the basis of race, sex, and other charateristics.","K-12, college",None specified
Wyoming,"SB 1, passed by Senate with an amendment constituting an Educational Gag Order, but later stripped out in Joint Committee",2/25/2022,"Died as EGO due to removal of amendment, but still under consideration in legislature. This bill is not counted by PEN America as a live EGO.",Sen. Cheri Steinmetz (R),Prohibits the University of Wyoming from expending any state appropriations on gender studies programs.,University of Wyoming,Monetary penalty/Loss of state financial support
