﻿GEOID,tractnames
51003010100,Free Union
51003010201,Charlottesville-Albemarle Airport
51003010202,Earlysville
51003010301,Berkmar Drive
51003010302,Polo Grounds Road
51003010303,Hollymead
51003010401,Stony Point-Keswick
51003010402,Village of Rivanna
51003010501,Darden-Key West
51003010502,Pantops
51003010602,Dunlora-Stone Henge
51003010603,Branchland
51003010604,Woodbrook-Carrsbrook
51003010701,Hydraulic
51003010702,Commonwealth-Townwood-Berkmar
51003010801,Barracks-Hessian Hills
51003010802,Albemarle High School
51003010901,Old Ivy-Darden School (UVA)
51003010904,Carr's Hill-McCormick Road (UVA)
51003011000,Ivy
51003011101,Crozet-Beaver Creek
51003011102,Western Ridge-Westhall
51003011103,Old Trail
51003011201,"Yancey Mills, Batesville"
51003011202,North Garden
51003011301,"Monticello, Carters Mountain"
51003011302,"Oak Hill, Southwood"
51003011303,Avon Street Ext.-Mill Creek
51003011400,Southern Albemarle-Scottsville